productId,productName
1,Product_1
2,Product_2
3,Product_3
4,Product_4
5,Product_5
6,Product_6
7,Product_7
8,Product_8
9,Product_9
10,Product_10
11,Product_11
12,Product_12
13,Product_13
14,Product_14
15,Product_15
16,Product_16
17,Product_17
18,Product_18
19,Product_19
20,Product_20
21,Product_21
22,Product_22
23,Product_23
24,Product_24
25,Product_25
26,Product_26
27,Product_27
28,Product_28
29,Product_29
30,Product_30
31,Product_31
32,Product_32
33,Product_33
34,Product_34
35,Product_35
36,Product_36
37,Product_37
38,Product_38
39,Product_39
40,Product_40
41,Product_41
42,Product_42
43,Product_43
44,Product_44
45,Product_45
46,Product_46
47,Product_47
48,Product_48
49,Product_49
50,Product_50
51,Product_51
52,Product_52
53,Product_53
54,Product_54
55,Product_55
56,Product_56
57,Product_57
58,Product_58
59,Product_59
60,Product_60
61,Product_61
62,Product_62
63,Product_63
64,Product_64
65,Product_65
66,Product_66
67,Product_67
68,Product_68
69,Product_69
70,Product_70
71,Product_71
72,Product_72
73,Product_73
74,Product_74
75,Product_75
76,Product_76
77,Product_77
78,Product_78
79,Product_79
80,Product_80
81,Product_81
82,Product_82
83,Product_83
84,Product_84
85,Product_85
86,Product_86
87,Product_87
88,Product_88
89,Product_89
90,Product_90
91,Product_91
92,Product_92
93,Product_93
94,Product_94
95,Product_95
96,Product_96
97,Product_97
98,Product_98
99,Product_99
100,Product_100
101,Product_101
102,Product_102
103,Product_103
104,Product_104
105,Product_105
106,Product_106
107,Product_107
108,Product_108
109,Product_109
110,Product_110
111,Product_111
112,Product_112
113,Product_113
114,Product_114
115,Product_115
116,Product_116
117,Product_117
118,Product_118
119,Product_119
120,Product_120
121,Product_121
122,Product_122
123,Product_123
124,Product_124
125,Product_125
126,Product_126
127,Product_127
128,Product_128
129,Product_129
130,Product_130
131,Product_131
132,Product_132
133,Product_133
134,Product_134
135,Product_135
136,Product_136
137,Product_137
138,Product_138
139,Product_139
140,Product_140
141,Product_141
142,Product_142
143,Product_143
144,Product_144
145,Product_145
146,Product_146
147,Product_147
148,Product_148
149,Product_149
150,Product_150
151,Product_151
152,Product_152
153,Product_153
154,Product_154
155,Product_155
156,Product_156
157,Product_157
158,Product_158
159,Product_159
160,Product_160
161,Product_161
162,Product_162
163,Product_163
164,Product_164
165,Product_165
166,Product_166
167,Product_167
168,Product_168
169,Product_169
170,Product_170
171,Product_171
172,Product_172
173,Product_173
174,Product_174
175,Product_175
176,Product_176
177,Product_177
178,Product_178
179,Product_179
180,Product_180
181,Product_181
182,Product_182
183,Product_183
184,Product_184
185,Product_185
186,Product_186
187,Product_187
188,Product_188
189,Product_189
190,Product_190
191,Product_191
192,Product_192
193,Product_193
194,Product_194
195,Product_195
196,Product_196
197,Product_197
198,Product_198
199,Product_199
200,Product_200
201,Product_201
202,Product_202
203,Product_203
204,Product_204
205,Product_205
206,Product_206
207,Product_207
208,Product_208
209,Product_209
210,Product_210
211,Product_211
212,Product_212
213,Product_213
214,Product_214
215,Product_215
216,Product_216
217,Product_217
218,Product_218
219,Product_219
220,Product_220
221,Product_221
222,Product_222
223,Product_223
224,Product_224
225,Product_225
226,Product_226
227,Product_227
228,Product_228
229,Product_229
230,Product_230
231,Product_231
232,Product_232
233,Product_233
234,Product_234
235,Product_235
236,Product_236
237,Product_237
238,Product_238
239,Product_239
240,Product_240
241,Product_241
242,Product_242
243,Product_243
244,Product_244
245,Product_245
246,Product_246
247,Product_247
248,Product_248
249,Product_249
250,Product_250
251,Product_251
252,Product_252
253,Product_253
254,Product_254
255,Product_255
256,Product_256
257,Product_257
258,Product_258
259,Product_259
260,Product_260
261,Product_261
262,Product_262
263,Product_263
264,Product_264
265,Product_265
266,Product_266
267,Product_267
268,Product_268
269,Product_269
270,Product_270
271,Product_271
272,Product_272
273,Product_273
274,Product_274
275,Product_275
276,Product_276
277,Product_277
278,Product_278
279,Product_279
280,Product_280
281,Product_281
282,Product_282
283,Product_283
284,Product_284
285,Product_285
286,Product_286
287,Product_287
288,Product_288
289,Product_289
290,Product_290
291,Product_291
292,Product_292
293,Product_293
294,Product_294
295,Product_295
296,Product_296
297,Product_297
298,Product_298
299,Product_299
300,Product_300
301,Product_301
302,Product_302
303,Product_303
304,Product_304
305,Product_305
306,Product_306
307,Product_307
308,Product_308
309,Product_309
310,Product_310
311,Product_311
312,Product_312
313,Product_313
314,Product_314
315,Product_315
316,Product_316
317,Product_317
318,Product_318
319,Product_319
320,Product_320
321,Product_321
322,Product_322
323,Product_323
324,Product_324
325,Product_325
326,Product_326
327,Product_327
328,Product_328
329,Product_329
330,Product_330
331,Product_331
332,Product_332
333,Product_333
334,Product_334
335,Product_335
336,Product_336
337,Product_337
338,Product_338
339,Product_339
340,Product_340
341,Product_341
342,Product_342
343,Product_343
344,Product_344
345,Product_345
346,Product_346
347,Product_347
348,Product_348
349,Product_349
350,Product_350
351,Product_351
352,Product_352
353,Product_353
354,Product_354
355,Product_355
356,Product_356
357,Product_357
358,Product_358
359,Product_359
360,Product_360
361,Product_361
362,Product_362
363,Product_363
364,Product_364
365,Product_365
366,Product_366
367,Product_367
368,Product_368
369,Product_369
370,Product_370
371,Product_371
372,Product_372
373,Product_373
374,Product_374
375,Product_375
376,Product_376
377,Product_377
378,Product_378
379,Product_379
380,Product_380
381,Product_381
382,Product_382
383,Product_383
384,Product_384
385,Product_385
386,Product_386
387,Product_387
388,Product_388
389,Product_389
390,Product_390
391,Product_391
392,Product_392
393,Product_393
394,Product_394
395,Product_395
396,Product_396
397,Product_397
398,Product_398
399,Product_399
400,Product_400
401,Product_401
402,Product_402
403,Product_403
404,Product_404
405,Product_405
406,Product_406
407,Product_407
408,Product_408
409,Product_409
410,Product_410
411,Product_411
412,Product_412
413,Product_413
414,Product_414
415,Product_415
416,Product_416
417,Product_417
418,Product_418
419,Product_419
420,Product_420
421,Product_421
422,Product_422
423,Product_423
424,Product_424
425,Product_425
426,Product_426
427,Product_427
428,Product_428
429,Product_429
430,Product_430
431,Product_431
432,Product_432
433,Product_433
434,Product_434
435,Product_435
436,Product_436
437,Product_437
438,Product_438
439,Product_439
440,Product_440
441,Product_441
442,Product_442
443,Product_443
444,Product_444
445,Product_445
446,Product_446
447,Product_447
448,Product_448
449,Product_449
450,Product_450
451,Product_451
452,Product_452
453,Product_453
454,Product_454
455,Product_455
456,Product_456
457,Product_457
458,Product_458
459,Product_459
460,Product_460
461,Product_461
462,Product_462
463,Product_463
464,Product_464
465,Product_465
466,Product_466
467,Product_467
468,Product_468
469,Product_469
470,Product_470
471,Product_471
472,Product_472
473,Product_473
474,Product_474
475,Product_475
476,Product_476
477,Product_477
478,Product_478
479,Product_479
480,Product_480
481,Product_481
482,Product_482
483,Product_483
484,Product_484
485,Product_485
486,Product_486
487,Product_487
488,Product_488
489,Product_489
490,Product_490
491,Product_491
492,Product_492
493,Product_493
494,Product_494
495,Product_495
496,Product_496
497,Product_497
498,Product_498
499,Product_499
500,Product_500
501,Product_501
502,Product_502
503,Product_503
504,Product_504
505,Product_505
506,Product_506
507,Product_507
508,Product_508
509,Product_509
510,Product_510
511,Product_511
512,Product_512
513,Product_513
514,Product_514
515,Product_515
516,Product_516
517,Product_517
518,Product_518
519,Product_519
520,Product_520
521,Product_521
522,Product_522
523,Product_523
524,Product_524
525,Product_525
526,Product_526
527,Product_527
528,Product_528
529,Product_529
530,Product_530
531,Product_531
532,Product_532
533,Product_533
534,Product_534
535,Product_535
536,Product_536
537,Product_537
538,Product_538
539,Product_539
540,Product_540
541,Product_541
542,Product_542
543,Product_543
544,Product_544
545,Product_545
546,Product_546
547,Product_547
548,Product_548
549,Product_549
550,Product_550
551,Product_551
552,Product_552
553,Product_553
554,Product_554
555,Product_555
556,Product_556
557,Product_557
558,Product_558
559,Product_559
560,Product_560
561,Product_561
562,Product_562
563,Product_563
564,Product_564
565,Product_565
566,Product_566
567,Product_567
568,Product_568
569,Product_569
570,Product_570
571,Product_571
572,Product_572
573,Product_573
574,Product_574
575,Product_575
576,Product_576
577,Product_577
578,Product_578
579,Product_579
580,Product_580
581,Product_581
582,Product_582
583,Product_583
584,Product_584
585,Product_585
586,Product_586
587,Product_587
588,Product_588
589,Product_589
590,Product_590
591,Product_591
592,Product_592
593,Product_593
594,Product_594
595,Product_595
596,Product_596
597,Product_597
598,Product_598
599,Product_599
600,Product_600
601,Product_601
602,Product_602
603,Product_603
604,Product_604
605,Product_605
606,Product_606
607,Product_607
608,Product_608
609,Product_609
610,Product_610
611,Product_611
612,Product_612
613,Product_613
614,Product_614
615,Product_615
616,Product_616
617,Product_617
618,Product_618
619,Product_619
620,Product_620
621,Product_621
622,Product_622
623,Product_623
624,Product_624
625,Product_625
626,Product_626
627,Product_627
628,Product_628
629,Product_629
630,Product_630
631,Product_631
632,Product_632
633,Product_633
634,Product_634
635,Product_635
636,Product_636
637,Product_637
638,Product_638
639,Product_639
640,Product_640
641,Product_641
642,Product_642
643,Product_643
644,Product_644
645,Product_645
646,Product_646
647,Product_647
648,Product_648
649,Product_649
650,Product_650
651,Product_651
652,Product_652
653,Product_653
654,Product_654
655,Product_655
656,Product_656
657,Product_657
658,Product_658
659,Product_659
660,Product_660
661,Product_661
662,Product_662
663,Product_663
664,Product_664
665,Product_665
666,Product_666
667,Product_667
668,Product_668
669,Product_669
670,Product_670
671,Product_671
672,Product_672
673,Product_673
674,Product_674
675,Product_675
676,Product_676
677,Product_677
678,Product_678
679,Product_679
680,Product_680
681,Product_681
682,Product_682
683,Product_683
684,Product_684
685,Product_685
686,Product_686
687,Product_687
688,Product_688
689,Product_689
690,Product_690
691,Product_691
692,Product_692
693,Product_693
694,Product_694
695,Product_695
696,Product_696
697,Product_697
698,Product_698
699,Product_699
700,Product_700
701,Product_701
702,Product_702
703,Product_703
704,Product_704
705,Product_705
706,Product_706
707,Product_707
708,Product_708
709,Product_709
710,Product_710
711,Product_711
712,Product_712
713,Product_713
714,Product_714
715,Product_715
716,Product_716
717,Product_717
718,Product_718
719,Product_719
720,Product_720
721,Product_721
722,Product_722
723,Product_723
724,Product_724
725,Product_725
726,Product_726
727,Product_727
728,Product_728
729,Product_729
730,Product_730
731,Product_731
732,Product_732
733,Product_733
734,Product_734
735,Product_735
736,Product_736
737,Product_737
738,Product_738
739,Product_739
740,Product_740
741,Product_741
742,Product_742
743,Product_743
744,Product_744
745,Product_745
746,Product_746
747,Product_747
748,Product_748
749,Product_749
750,Product_750
751,Product_751
752,Product_752
753,Product_753
754,Product_754
755,Product_755
756,Product_756
757,Product_757
758,Product_758
759,Product_759
760,Product_760
761,Product_761
762,Product_762
763,Product_763
764,Product_764
765,Product_765
766,Product_766
767,Product_767
768,Product_768
769,Product_769
770,Product_770
771,Product_771
772,Product_772
773,Product_773
774,Product_774
775,Product_775
776,Product_776
777,Product_777
778,Product_778
779,Product_779
780,Product_780
781,Product_781
782,Product_782
783,Product_783
784,Product_784
785,Product_785
786,Product_786
787,Product_787
788,Product_788
789,Product_789
790,Product_790
791,Product_791
792,Product_792
793,Product_793
794,Product_794
795,Product_795
796,Product_796
797,Product_797
798,Product_798
799,Product_799
800,Product_800
801,Product_801
802,Product_802
803,Product_803
804,Product_804
805,Product_805
806,Product_806
807,Product_807
808,Product_808
809,Product_809
810,Product_810
811,Product_811
812,Product_812
813,Product_813
814,Product_814
815,Product_815
816,Product_816
817,Product_817
818,Product_818
819,Product_819
820,Product_820
821,Product_821
822,Product_822
823,Product_823
824,Product_824
825,Product_825
826,Product_826
827,Product_827
828,Product_828
829,Product_829
830,Product_830
831,Product_831
832,Product_832
833,Product_833
834,Product_834
835,Product_835
836,Product_836
837,Product_837
838,Product_838
839,Product_839
840,Product_840
841,Product_841
842,Product_842
843,Product_843
844,Product_844
845,Product_845
846,Product_846
847,Product_847
848,Product_848
849,Product_849
850,Product_850
851,Product_851
852,Product_852
853,Product_853
854,Product_854
855,Product_855
856,Product_856
857,Product_857
858,Product_858
859,Product_859
860,Product_860
861,Product_861
862,Product_862
863,Product_863
864,Product_864
865,Product_865
866,Product_866
867,Product_867
868,Product_868
869,Product_869
870,Product_870
871,Product_871
872,Product_872
873,Product_873
874,Product_874
875,Product_875
876,Product_876
877,Product_877
878,Product_878
879,Product_879
880,Product_880
881,Product_881
882,Product_882
883,Product_883
884,Product_884
885,Product_885
886,Product_886
887,Product_887
888,Product_888
889,Product_889
890,Product_890
891,Product_891
892,Product_892
893,Product_893
894,Product_894
895,Product_895
896,Product_896
897,Product_897
898,Product_898
899,Product_899
900,Product_900
901,Product_901
902,Product_902
903,Product_903
904,Product_904
905,Product_905
906,Product_906
907,Product_907
908,Product_908
909,Product_909
910,Product_910
911,Product_911
912,Product_912
913,Product_913
914,Product_914
915,Product_915
916,Product_916
917,Product_917
918,Product_918
919,Product_919
920,Product_920
921,Product_921
922,Product_922
923,Product_923
924,Product_924
925,Product_925
926,Product_926
927,Product_927
928,Product_928
929,Product_929
930,Product_930
931,Product_931
932,Product_932
933,Product_933
934,Product_934
935,Product_935
936,Product_936
937,Product_937
938,Product_938
939,Product_939
940,Product_940
941,Product_941
942,Product_942
943,Product_943
944,Product_944
945,Product_945
946,Product_946
947,Product_947
948,Product_948
949,Product_949
950,Product_950
951,Product_951
952,Product_952
953,Product_953
954,Product_954
955,Product_955
956,Product_956
957,Product_957
958,Product_958
959,Product_959
960,Product_960
961,Product_961
962,Product_962
963,Product_963
964,Product_964
965,Product_965
966,Product_966
967,Product_967
968,Product_968
969,Product_969
970,Product_970
971,Product_971
972,Product_972
973,Product_973
974,Product_974
975,Product_975
976,Product_976
977,Product_977
978,Product_978
979,Product_979
980,Product_980
981,Product_981
982,Product_982
983,Product_983
984,Product_984
985,Product_985
986,Product_986
987,Product_987
988,Product_988
989,Product_989
990,Product_990
991,Product_991
992,Product_992
993,Product_993
994,Product_994
995,Product_995
996,Product_996
997,Product_997
998,Product_998
999,Product_999
1000,Product_1000
